PatientID,AdmissionID,PrimaryDiagnosisCode,PrimaryDiagnosisDescription,Pid_AdNo
016A590E-D093-4667-A5DA-D68EA6987D93,1,O99.712,"Diseases of the skin and subcutaneous tissue complicating pregnancy, second trimester",016A590E-D093-4667-A5DA-D68EA6987D93_1
016A590E-D093-4667-A5DA-D68EA6987D93,2,E11.64,Type 2 diabetes mellitus with hypoglycemia,016A590E-D093-4667-A5DA-D68EA6987D93_2
016A590E-D093-4667-A5DA-D68EA6987D93,3,I25.812,Atherosclerosis of bypass graft of coronary artery of transplanted heart without angina pectoris,016A590E-D093-4667-A5DA-D68EA6987D93_3
016A590E-D093-4667-A5DA-D68EA6987D93,4,O24.1,"Pre-existing diabetes mellitus, type 2, in pregnancy, childbirth and the puerperium",016A590E-D093-4667-A5DA-D68EA6987D93_4
016A590E-D093-4667-A5DA-D68EA6987D93,5,F13.151,"Sedative, hypnotic or anxiolytic abuse with sedative, hypnotic or anxiolytic-induced psychotic disorder with hallucinations",016A590E-D093-4667-A5DA-D68EA6987D93_5
03A481F5-B32A-4A91-BD42-43EB78FEBA77,1,C94.22,"Acute megakaryoblastic leukemia, in relapse",03A481F5-B32A-4A91-BD42-43EB78FEBA77_1
03A481F5-B32A-4A91-BD42-43EB78FEBA77,2,A48.2,Nonpneumonic Legionnaires' disease [Pontiac fever],03A481F5-B32A-4A91-BD42-43EB78FEBA77_2
