PatientID,PatientGender,PatientDateOfBirth,PatientRace,PatientMaritalStatus,PatientLanguage,PatientPopulationPercentageBelowPoverty
016A590E-D093-4667-A5DA-D68EA6987D93,Male,1960-12-06 06:37:05.640,White,Unknown,English,15.02
03A481F5-B32A-4A91-BD42-43EB78FEBA77,Female,1968-02-07 23:02:38.017,Asian,Single,Unknown,93.23
0681FA35-A794-4684-97BD-00B88370DB41,Female,1978-10-02 21:46:05.300,Asian,Unknown,Spanish,19.16
0A9BA3E4-CF3C-49C4-9774-5EEA2EE7D123,Male,1980-04-04 07:59:15.820,White,Single,Spanish,14.28
0BC491C5-5A45-4067-BD11-A78BEA00D3BE,Female,1921-04-18 01:56:01.807,Unknown,Married,English,18.05
0E0EADE8-5592-4E0B-9F88-D7596E32EE08,Female,1942-07-13 21:15:37.517,White,Married,Spanish,18.8
1311FEE4-2FDC-46E4-83D3-1550A3E51D2C,Female,1988-03-28 03:09:22.807,White,Single,English,14.99
135C831F-7DA5-46C0-959C-EBCBD8810B43,Male,1971-05-13 04:40:05.623,White,Unknown,Spanish,12.38
1A220558-5996-43E1-AE5D-7B96180FED35,Male,1937-09-07 22:23:53.143,Asian,Married,English,15.11
1A40AF35-C6D4-4D46-B475-A15D84E8A9D5,Male,1949-01-10 15:37:35.543,White,Married,English,11.25
1A8791E3-A61C-455A-8DEE-763EB90C9B2C,Male,1973-08-16 10:58:34.413,Asian,Single,English,13.97
21792512-2D40-4326-BEA2-A40127EB24FF,Male,1938-03-24 19:25:53.980,White,Single,Unknown,89.44
220C8D43-1322-4A9D-B890-D426942A3649,Male,1971-03-13 18:31:24.877,Asian,Married,English,16.71
25B786AF-0F99-478C-9CFA-0EA607E45834,Male,1926-08-20 00:21:38.870,White,Married,English,93.6
2A5251B1-0945-47FA-A65C-7A6381562591,Female,1942-01-07 16:45:33.060,Unknown,Married,Spanish,18.05
2A8772FE-61DB-483E-B6BF-6C0A74BA9C2A,Female,1966-10-14 15:31:48.427,Asian,Single,English,11.15
2E26695A-EFB0-4C7F-9318-E3030B154E39,Female,1963-06-28 05:37:36.843,Asian,Married,English,14.2
2EE42DEF-37CA-4694-827E-FA4EAF882BFC,Male,1964-04-27 00:41:40.410,White,Married,English,18.91
3231F930-2978-4F50-8234-755449851E7B,Male,1979-05-26 04:58:10.627,White,Single,English,18.36
35FE7491-1A1D-48CB-810C-8DC2599AB3DD,Male,1969-11-02 06:34:34.527,White,Married,English,4.51
36775002-9EC3-4889-AD4F-80DC6855C8D8,Female,1963-07-16 22:16:48.477,Asian,Single,Spanish,15.56
36E2F89E-777A-4D77-9D95-0D70A8AB416F,Male,1980-05-30 13:23:50.703,African American,Separated,English,19.36
3B11D6B3-A36A-4B69-A437-C29BF425A941,Female,1954-05-18 10:19:19.110,Asian,Separated,English,10.8
3E462A8F-7B90-43A1-A8B6-AD82CB5002C9,Female,1986-12-20 16:41:34.793,White,Married,Spanish,18.33
49DADA25-F2C2-42BB-8210-D78E6C7B0D48,Male,1962-04-08 10:18:26.263,African American,Married,English,19.5
4C201C71-CCED-40D1-9642-F9C8C485B854,Male,1926-09-22 09:17:14.713,African American,Married,English,10.3
53B9FFDD-F80B-43BE-93CF-C34A023EE7E9,Male,1921-08-22 19:17:09.227,White,Divorced,Icelandic,18.17
56A35E74-90BE-44A0-B7BA-7743BB152133,Female,1968-11-09 15:29:19.557,White,Married,English,8.81
64182B95-EB72-4E2B-BE77-8050B71498CE,Male,1952-01-18 19:51:12.917,African American,Separated,English,13.03
65A7FBE0-EA9F-49E9-9824-D8F3AD98DAC0,Female,1962-11-30 06:28:33.110,White,Separated,Spanish,17.98
66154E24-D3EE-4311-89DB-6195278F9B3C,Female,1944-08-26 13:03:24.297,White,Divorced,English,19.49
6623F5D6-D581-4268-9F9B-21612FBBF7B5,Female,1943-02-17 15:36:13.787,Asian,Single,Spanish,14.49
672D554B-D6D1-40B2-A6A4-21A4CB6B1AA6,Male,1983-06-17 04:46:13.753,African American,Single,Icelandic,11.04
6985D824-3269-4D12-A9DD-B932D640E26E,Female,1967-10-27 03:58:29.027,White,Married,English,12.01
69B5D2A0-12FD-46EF-A5FF-B29C4BAFBE49,Male,1954-05-02 16:38:15.957,White,Married,English,18.65
69CC25ED-A54A-4BAF-97E3-774BB3C9DED1,Female,1974-10-13 14:51:28.997,Unknown,Married,English,17.72
6A57AC0C-57F3-4C19-98A1-51135EFBC4FF,Female,1958-07-07 16:00:19.383,Unknown,Married,English,94.06
6D5DCAC1-17FE-4D7C-923B-806EFBA3E6DF,Male,1961-10-22 02:47:13.170,Asian,Married,English,13.9
6D8008ED-D623-4BE4-B93B-335F9797C170,Female,1978-03-14 13:41:28.337,White,Married,Icelandic,14.81
6E70D84D-C75F-477C-BC37-9177C3698C66,Male,1979-01-04 05:45:29.580,White,Married,English,16.09
714823AF-C52C-414C-B53B-C43EACD194C3,Male,1952-05-08 23:51:50.127,White,Married,English,13.23
7548B6CF-79D9-461D-A0C5-20B861406FAC,Male,1956-11-13 14:08:00.253,White,Married,Icelandic,14.03
79A7BA2A-D35A-4CB8-A835-6BAA13B0058C,Female,1952-05-03 02:30:21.563,White,Single,Spanish,16.24
7A025E77-7832-4F53-B9A7-09A3F98AC17E,Female,1951-07-12 08:23:45.520,Asian,Single,English,16.69
7A7332AD-88B1-4848-9356-E5260E477C59,Female,1944-12-01 06:30:01.543,Unknown,Married,English,19.46
7C788499-7798-484B-A027-9FCDC4C0DADB,Male,1926-08-13 10:22:16.247,White,Married,English,11.89
7FD13988-E58A-4A5C-8680-89AC200950FA,Male,1965-07-12 15:41:20.523,White,Married,Spanish,12.41
80AC01B2-BD55-4BE0-A59A-4024104CF4E9,Female,1965-05-14 15:25:09.740,African American,Married,English,19.74
80D356B4-F974-441F-A5F2-F95986D119A2,Female,1938-03-06 18:24:18.297,White,Single,English,18.88
81C5B13B-F6B2-4E57-9593-6E7E4C13B2CE,Female,1930-05-28 02:59:42.857,White,Married,Icelandic,19.22
868E700E-3C56-458F-A477-078D671DCB20,Female,1978-09-21 15:29:44.770,African American,Married,Icelandic,5.94
8856096E-E59C-4156-A767-C091AF799C80,Female,1988-11-25 02:59:36.373,White,Divorced,English,11.08
886B5885-1EE2-49F3-98D5-A2F02EB8A9D4,Female,1970-04-27 09:15:11.080,Unknown,Married,English,10.35
8AF47463-8534-4203-B210-C2290F6CE689,Female,1952-06-27 17:29:04.187,White,Divorced,English,11.88
8D389A8C-A6D8-4447-9DDE-1A28AB4EC667,Female,1964-07-10 08:50:13.707,Asian,Married,English,4.34
967987B9-FFEF-4776-85CF-AE05CA81F583,Male,1947-02-13 10:26:55.520,White,Widowed,English,88.66
98F593D2-8894-49BB-93B9-5A0E2CF85E2E,Female,1944-07-15 19:04:11.487,African American,Married,English,9.1
9BBF3A51-443D-438B-9289-B98B8E0577C0,Male,1944-11-25 06:12:56.860,White,Married,English,16.76
9C75DF1F-9DA6-4C98-8F5B-E10BDC805ED0,Female,1952-07-19 13:35:56.833,White,Divorced,English,88.65
9E18822E-7D13-45C7-B50E-F95CFF92BC3E,Male,1954-10-16 06:45:56.257,Unknown,Single,English,15.24
A0A976C8-9B30-4492-B8C4-5B25095B9192,Male,1931-05-26 14:54:15.847,Asian,Single,English,19.52
A19A0B00-4C9A-4206-B1FE-17E6DA3CEB0B,Female,1967-07-01 01:44:24.907,Unknown,Married,English,17.84
A50BE9B4-8A0B-4169-B894-F7BD86D7D90B,Female,1987-04-18 16:31:16.333,Asian,Divorced,English,14.07
A7142B71-A144-4D56-BD14-3E966B01DB37,Male,1960-03-28 13:40:52.270,White,Divorced,Spanish,19.52
B2EB15FA-5431-4804-9309-4215BDC778C0,Male,1951-04-13 20:14:02.953,White,Divorced,English,19.41
B3892204-880B-40EF-B3BB-B824B50E99E5,Male,1978-08-06 08:38:27.330,White,Single,Spanish,16.86
B39DC5AC-E003-4E6A-91B6-FC07625A1285,Female,1935-11-03 21:07:09.040,White,Married,English,15.31
B5D31F01-7273-4901-B56F-8139769A11EF,Female,1971-04-02 18:56:59.353,Asian,Unknown,Unknown,82.08
B70E5A76-F2BC-41E4-B037-CD4D9ABA0967,Male,1962-12-15 01:59:01.737,White,Single,Icelandic,13.1
B7E9FC4C-5182-4A34-954E-CEF5FC07E96D,Female,1985-12-11 02:48:16.907,Unknown,Single,English,11.43
BC44CE19-9FC5-4AC9-A296-9EBC5E3D03AE,Female,1953-06-04 03:16:17.843,African American,Married,English,15.04
C242E3A4-E785-4DF1-A0E4-3B568DC88F2E,Male,1963-02-23 21:46:28.840,Asian,Single,Spanish,7.59
C2CCB1AB-6633-4CB3-B4E8-157E6FB02376,Female,1964-05-07 10:20:37.740,White,Single,Spanish,15.98
C54B5AAD-98E8-472D-BAA0-638D9F3BD024,Female,1972-11-13 22:50:43.600,African American,Single,Unknown,94
C5D09468-574F-4802-B56F-DB38F4EB1687,Male,1939-07-07 19:39:49.753,African American,Married,Icelandic,10.87
C60FE675-CA52-4C55-A233-F4B27E94987F,Male,1957-10-30 23:26:15.303,Asian,Married,Spanish,12.8
C65A4ADE-112E-49E4-B72A-0DED22C242ED,Male,1955-04-07 18:55:17.077,White,Married,English,19.66
C8556CC0-32FC-4CA5-A8CD-9CCF38816167,Female,1921-04-11 11:39:49.197,White,Married,English,18.2
CC12B481-B516-455B-884F-4CA900B29F2E,Female,1985-10-21 07:59:04.777,Unknown,Divorced,English,14.58
CC9CDA72-B37A-4F8F-AFE4-B08F56A183BE,Female,1942-04-14 14:01:01.130,Asian,Married,Spanish,14.15
CD2ADB1B-97F7-4EF6-BC5C-3E0EC562A06F,Female,1963-04-16 08:54:08.647,White,Single,Icelandic,11.16
D8B53AA2-7953-4477-9EA4-68400EBAAC5C,Male,1951-06-11 20:11:10.003,African American,Unknown,English,16.89
DA6CECFF-DE13-4C4C-919F-64E1A2B76C9D,Male,1924-06-27 19:37:58.823,Asian,Divorced,English,83.75
DB22A4D9-7E4D-485C-916A-9CD1386507FB,Female,1970-07-25 13:04:20.717,Asian,Married,English,6.67
DB92CDC6-FA9B-4492-BC2C-0C588AD78956,Male,1977-06-30 01:46:05.467,Unknown,Single,Icelandic,1.7
DCE5AEB8-6DB9-4106-8AE4-02CCC5C23741,Female,1967-11-09 08:14:51.143,White,Single,Unknown,16.43
DDC0BC57-7A4E-4E02-9282-177750B74FBC,Male,1921-03-26 14:38:51.803,White,Single,English,18.41
E250799D-F6DE-4914-ADB4-B08A6E5029B9,Female,1945-08-04 19:03:00.757,White,Single,Unknown,12.86
E483DE6E-D4E6-47FD-905B-22EE86EC7ACE,Male,1945-11-18 04:14:31.573,African American,Single,English,16.88
E5478913-6819-4977-BB11-4C8B61175B56,Female,1980-03-21 13:08:56.867,White,Single,English,12.92
EA7C2F0F-DA1C-4CE8-9700-4BB1FC7AF3FB,Male,1969-01-05 00:15:09.627,Unknown,Married,English,3.3
EA9B67E2-15F0-450B-A8A6-14F6E4AE3D12,Female,1930-04-08 20:59:31.057,Asian,Separated,Icelandic,98.4
EEAFC0B3-B835-4D99-AB33-2F9428E54E5F,Female,1961-01-08 15:19:15.490,Asian,Unknown,English,18.95
F00C64F8-2033-4640-80FE-F1F62CBE26A5,Female,1957-06-04 18:31:01.177,African American,Single,English,15.72
F0B53A2C-98CA-415D-B928-E3FD0E52B22A,Male,1950-06-20 10:31:18.337,African American,Married,English,14.87
FA157FA5-F488-4884-BF87-E144630D595C,Female,1932-11-01 06:19:56.577,White,Single,English,16.32
FB2ABB23-C9D0-4D09-8464-49BF0B982F0F,Male,1947-12-28 02:45:40.547,Unknown,Married,Icelandic,18.08
FB909FAE-72DD-4F6F-9828-D92183DF185F,Male,1940-07-15 12:18:41.080,White,Single,Spanish,14.9
FE0B9B59-1927-45B7-8556-E079DC1DE30A,Male,1955-08-23 01:01:22.260,White,Divorced,English,6.48
FFCDECD6-4048-4DCB-B910-1218160005B3,Male,1941-05-06 14:56:42.687,White,Single,English,14.49
